{"val/critic_loss":58.042884826660156,"train/actor_loss":229.7034912109375,"train/v":0.4689764976501465,"_timestamp":1.7760884069104834e+09,"train/value_loss":18.841686248779297,"_step":0,"val/actor_loss":144.2026824951172,"train/q":-5.675013542175293,"val/value_loss":19.087276458740234,"val/v":-0.017944497987627983,"train/critic_loss":114.83390808105469,"_runtime":55.391094117,"val/q":-1.8788976669311523,"_wandb":{"runtime":55}}