{"train/value_loss":36829.390625,"train/actor_loss":0.0013957398477941751,"eval/rollout_gif_path":"/home/mech/btech/me1222006/scratch/projects/IDQL/launcher/examples/gifs/eval_step_final.gif","eval/goal_completion_rate":97.6,"eval/return_mean":37.26182878357256,"train/v":2943.06005859375,"_runtime":56934.254262263,"eval/off_road_rate":91.8,"eval/episode_length_mean":80,"eval/return_std":32.253857851761225,"train/q":2992.291748046875,"_step":1500000,"_wandb":{"runtime":56934},"eval/success_rate":8,"train/critic_loss":475299.5,"eval/episode_length_std":0,"_timestamp":1.7769895529645212e+09,"eval/collision_rate":4.2}