{"_runtime": 47745.603959269, "train/actor_loss": 0.0005509822512976825, "train/critic_loss": 286924.3125, "train/q": 3151.9755859375, "train/v": 3266.90185546875, "train/value_loss": 81338.09375, "_timestamp": 1777009892.6794653, "_step": 1500000, "eval/return_std": 37.12927215777313, "eval/episode_length_std": 0, "eval/goal_completion_rate": 73.8, "eval/success_rate": 7.4, "eval/collision_rate": 16, "eval/off_road_rate": 92.2, "eval/return_mean": 22.26235715374705, "eval/episode_length_mean": 80, "eval/rollout_gif_path": "/home/mech/btech/me1222006/scratch/projects/IDQL/launcher/examples/gifs_3/eval_step_final.gif"}