{"eval/collision_mean":0.2,"train/v":2485.744873046875,"eval/rollout_gif_path":"/home/mech/btech/me1222006/scratch/projects/IDQL/launcher/examples/gifs/eval_step_900000.gif","eval/off_road_std":0,"eval/off_road_rate_pct":0,"eval/eval_profile_policy_ms_per_env_step":4.076051469892263,"eval/return_mean":-16.502988791821586,"eval/waymax_overlap_std":0,"val/critic_loss":592460.5625,"eval/goal_completed_std":0.48989794855663565,"eval/waymax_kinematic_infeasibility_mean":0,"train/actor_loss":0.0055695027112960815,"eval/success_mean":0.4,"eval/episode_length_mean":80,"_timestamp":1.776184582270234e+09,"eval/eval_profile_reset_s":27.319445997476578,"eval/waymax_offroad_mean":0,"eval/success_rate_pct":40,"eval/off_road_mean":0,"eval/waymax_overlap_mean":0,"_wandb":{"runtime":5650},"val/v":1961.087646484375,"eval/collision_rate_pct":20,"eval/waymax_kinematic_infeasibility_std":0,"eval/eval_profile_unaccounted_s":0.014571510255336761,"_runtime":5650.101082084,"eval/eval_profile_env_step_ms_per_env_step":17.97053439542651,"eval/eval_profile_collect_stats_ms_per_episode":476.0880336165428,"eval/waymax_offroad_std":0,"train/critic_loss":100439.046875,"eval/eval_profile_policy_s":1.6304205879569054,"eval/return_std":25.23758438057131,"eval/goal_completion_rate_pct":40,"eval/collision_std":0.4000000000000001,"eval/waymax_log_divergence_mean":92.62169559001923,"eval/eval_profile_accounted_s":38.5185205116868,"val/actor_loss":0.001385572599247098,"train/value_loss":43879.00390625,"eval/episode_length_std":0,"eval/goal_completed_mean":0.4,"_step":999000,"eval/eval_wall_time_s":38.53309202194214,"eval/num_episodes":5,"eval/eval_profile_reset_ms_per_episode":5463.889199495316,"val/q":1865.568359375,"eval/eval_profile_collect_stats_s":2.380440168082714,"train/q":2422.12353515625,"eval/success_std":0.48989794855663565,"eval/waymax_log_divergence_std":80.80335375115666,"eval/eval_profile_env_step_s":7.188213758170605,"val/value_loss":88341.34375,"eval/eval_profile_n_env_steps":400}