{"eval/waymax_kinematic_infeasibility_mean":0,"eval/waymax_offroad_std":0,"_step":100000,"eval/goal_completed_std":0.5,"eval/eval_profile_reset_ms_per_episode":3424.6736269444227,"eval/eval_profile_env_step_ms_per_env_step":23.11211757361889,"train/v":22.994422912597656,"eval/collision_mean":0.4,"eval/waymax_overlap_mean":0,"eval/eval_profile_env_step_s":18.48969405889511,"eval/eval_profile_policy_s":2.740800056606531,"_wandb":{"runtime":1125},"eval/waymax_overlap_std":0,"eval/collision_std":0.4898979485566356,"eval/collision_rate_pct":40,"eval/goal_completed_mean":0.5,"eval/eval_profile_unaccounted_s":0.08259504660964012,"eval/off_road_std":0,"_timestamp":1.776178377843984e+09,"eval/waymax_offroad_mean":0,"eval/eval_wall_time_s":304.72628355026245,"train/critic_loss":0.21999803185462952,"eval/return_mean":-28.523859341980074,"eval/episode_length_mean":80,"train/actor_loss":0.005892127752304077,"eval/success_std":0.48989794855663565,"eval/off_road_rate_pct":0,"eval/eval_profile_n_env_steps":800,"eval/waymax_log_divergence_std":9.657866078850258,"_runtime":1125.470925186,"eval/success_rate_pct":40,"eval/eval_profile_policy_ms_per_env_step":3.426000070758164,"eval/eval_profile_collect_stats_ms_per_episode":24916.645811870694,"eval/eval_profile_accounted_s":304.6436885036528,"eval/off_road_mean":0,"eval/success_mean":0.4,"train/q":23.00004768371582,"eval/waymax_log_divergence_mean":8.749283015727997,"eval/episode_length_std":0,"eval/eval_profile_collect_stats_s":249.16645811870694,"eval/eval_profile_reset_s":34.24673626944423,"train/value_loss":0.03380419313907623,"eval/return_std":40.82519362660622,"eval/waymax_kinematic_infeasibility_std":0,"eval/num_episodes":10,"eval/goal_completion_rate_pct":50}