{"_wandb":{"runtime":58187},"eval/episode_length_mean":80,"eval/rollout_gif_path":"/home/mech/btech/me1222006/scratch/projects/IDQL/launcher/examples/gifs_2/eval_step_final.gif","eval/goal_completion_rate":92,"_step":1500000,"train/q":2803.15234375,"eval/episode_length_std":0,"_timestamp":1.7770113703143415e+09,"eval/return_mean":28.149445356531164,"eval/off_road_rate":92.2,"eval/collision_rate":10.4,"train/value_loss":57295.171875,"train/v":2844.965576171875,"_runtime":58187.486284034,"train/critic_loss":174313.03125,"train/actor_loss":0.0007221007253974676,"eval/success_rate":7.4,"eval/return_std":37.28223886149688}