{"eval/eval_profile_env_step_ms_per_env_step":15.9062031408151,"eval/eval_wall_time_s":83.89072751998901,"eval/waymax_offroad_mean":0,"eval/worl_success_std":0.48989794855663565,"eval/waymax_overlap_mean":0.06666666666666667,"eval/return_std":18.236979944444904,"eval/worl_collision_std":0.48989794855663565,"eval/eval_profile_policy_s":3.7766557410359383,"eval/waymax_offroad_std":0,"eval/worl_off_road_rate_pct":0,"eval/eval_profile_collect_stats_ms_per_episode":443.14351826906204,"val/value_loss":8243.9365234375,"eval/episode_length_mean":80,"eval/eval_profile_n_env_steps":1200,"train/critic_loss":6150.1435546875,"eval/waymax_kinematic_infeasibility_mean":0,"eval/eval_profile_accounted_s":83.85856584832072,"eval/waymax_log_divergence_std":15.46678511322552,"eval/eval_profile_unaccounted_s":0.03216167166829109,"eval/worl_success_mean":0.4,"eval/worl_success_rate_pct":40,"_wandb":{"runtime":3571},"eval/eval_profile_reset_s":54.347313564270735,"_step":999000,"val/critic_loss":71302.03125,"eval/episode_length_std":0,"eval/return_mean":-1.3530345295369026,"eval/num_episodes":15,"eval/worl_off_road_mean":0,"val/actor_loss":0.0011027181753888726,"eval/worl_collision_mean":0.4,"eval/eval_profile_env_step_s":19.08744376897812,"eval/waymax_kinematic_infeasibility_std":0,"eval/eval_profile_reset_ms_per_episode":3623.154237618049,"train/v":552.55908203125,"_runtime":3571.796581552,"eval/worl_goal_completion_rate_pct":60,"eval/waymax_overlap_std":0.24944382578492943,"eval/worl_collision_rate_pct":40,"eval/waymax_log_divergence_mean":10.600293556849161,"val/q":533.032470703125,"_timestamp":1.7761148071504683e+09,"eval/worl_goal_completed_mean":0.6,"val/v":576.38330078125,"eval/worl_goal_completed_std":0.48989794855663565,"eval/worl_off_road_std":0,"train/actor_loss":0.0008313821745105088,"train/value_loss":1078.1512451171875,"eval/eval_profile_collect_stats_s":6.647152774035931,"train/q":523.5218505859375,"eval/eval_profile_policy_ms_per_env_step":3.1472131175299487}