{"eval/num_episodes":1000,"eval/episode_length_mean":80,"_timestamp":1.7760918973971028e+09,"val/v":22.23284339904785,"train/critic_loss":0.12672159075737,"val/critic_loss":0.16750818490982056,"_wandb":{"runtime":3276},"train/value_loss":0.013860926032066345,"eval/return_mean":0,"train/v":21.00823211669922,"_runtime":3276.726523374,"train/q":20.995492935180664,"train/actor_loss":0.005590903107076883,"eval/return_std":0,"eval/episode_length_std":0,"val/value_loss":0.022447939962148666,"val/actor_loss":0.0022202793043106794,"val/q":22.296171188354492,"_step":197000}