{"_step":999000,"_runtime":13680.723704441,"eval/goal_completion_rate":74,"eval/rollout_gif_path":"/home/mech/btech/me1222006/scratch/projects/IDQL/launcher/examples/gifs/eval_step_900000.gif","eval/success_rate":9,"eval/return_mean":2.967936681740929,"train/critic_loss":110.71456909179688,"eval/episode_length_std":0,"eval/collision_rate":23,"train/q":62.25291442871094,"_wandb":{"runtime":13680},"train/actor_loss":0.00045507721370086074,"eval/episode_length_mean":80,"train/value_loss":9.887106895446777,"eval/off_road_rate":91,"train/v":63.43748092651367,"_timestamp":1.776769518731274e+09,"eval/return_std":24.06656471447418}